MAX_IMAGES,CHANNELS,ACC
20000,Y,0.40444444444444444
20000,Cb,0.9654607188853764
20000,Cr,0.9786400854396582
20000,Y-Cb,0.9391111111111111
20000,Y-Cr,0.9488888888888889
20000,Cb-Cr,0.9824009324009324
20000,Y-Cb-Cr,0.9598888888888889
40000,Y,0.30722222222222223
40000,Cb,0.9689731881512703
40000,Cr,0.9810134092796963
40000,Y-Cb,0.9398888888888889
40000,Y-Cr,0.9388888888888889
40000,Cb-Cr,0.9780885780885781
40000,Y-Cb-Cr,0.9548888888888889
